--
CREATE TABLE SUPPLIERS (
  sID INT PRIMARY KEY,
  SName VARCHAR(20),             
  address VARCHAR(50)
);

--
INSERT INTO SUPPLIERS VALUES (1, 'ABC', 'VELLORE');
INSERT INTO SUPPLIERS VALUES (2, 'BCD', 'GURGAON');
INSERT INTO SUPPLIERS VALUES (3, 'CDE', 'delhi');
INSERT INTO SUPPLIERS VALUES (4, 'def', 'jaipur');
INSERT iNTO SUPPLIERS VALUES (5, 'efg', 'mumbai');

--
CREATE TABLE PARTS (
  pID INT PRIMARY KEY,
  PName VARCHAR(20),
  color VARCHAR(20)
);

--
INSERT INTO PARTS VALUES (11, 'bolt', 'red');
INSERT INTO PARTS VALUES (21, 'nut', 'green');
INSERT INTO PARTS VALUES (31, 'screw', 'red');
INSERT INTO PARTS VALUES (41, 'knife', 'green');
INSERT iNTO PARTS VALUES (51, 'scissor', 'yellow');

--
CREATE TABLE CATALOG (
  sID INT,
  pID INT,
  price INT,
  FOREIGN KEY (sID) REFERENCES SUPPLIERS(sID),
  FOREIGN KEY (pID) REFERENCES PARTS(pID)
);

--
INSERT iNTO CATALOG VALUES (1, 51, 200);
INSERT iNTO CATALOG VALUES (2, 31, 300);
INSERT iNTO CATALOG VALUES (3, 41, 400);
INSERT iNTO CATALOG VALUES (4, 21, 500);
INSERT iNTO CATALOG VALUES (5, 11, 700);


-- Part A
SELECT PNAME FROM PARTS WHERE COLOR='red';

-- Part B
SELECT PRICE FROM
CATALOG
INNER JOIN (
    SELECT pID FROM PARTS
    WHERE (COLOR='red' OR COLOR='green')
    ) sub_table
ON sub_table.pID = CATALOG.pID;


-- Part C
SELECT sID FROM
CATALOG
INNER JOIN (
    SELECT pID FROM PARTS
    WHERE (COLOR='red' OR COLOR='green')
    ) sub_table
ON sub_table.pID = CATALOG.pID;

-- Part D
SELECT sName FROM
SUPPLIERS
INNER JOIN (
  SELECT sID FROM
  CATALOG
  INNER JOIN (
    SELECT pID FROM PARTS
    WHERE (COLOR='red' OR COLOR='green')
    ) sub_table
  ON sub_table.pID = CATALOG.pID
  ) sub_table_2
ON sub_table_2.sID = SUPPLIERS.sID;